[
    {
        "id": "shawshank",
        "title": "The Shawshank Redemption",
        "image": "../public/movieImages/shawshank.jpg",
        "description": "Two imprisoned men bond over a number of years, finding solace and eventual redemption through acts of common decency.",
        "longDescription": "Bank Merchant Andy Dufresne is convicted of the murder of his wife and her lover, and sentenced to life imprisonment at Shawshank prison. Life seems to have taken a turn for the worse, but fortunately Andy befriends some of the other inmates, in particular a character known only as Red. Over time Andy finds ways to live out life with relative ease as one can in a prison, leaving a message for all that while the body may be locked away in a cell, the spirit can never be truly imprisoned.",
        "director": "Frank Darabont",
        "writers": "Stephen King",
        "staring": "Tim Robbins, Morgan Freeman, Bob Gunton"
    },
    {
        "id": "godfather",
        "title": "The Godfather",
        "image": "../public/movieImages/godfather.jpg",
        "description": "The aging patriarch of an organized crime dynasty transfers control of his clandestine empire to his reluctant son.",
        "director": "Francis Ford Coppola",
        "longDescription": "The Godfather 'Don' Vito Corleone is the head of the Corleone mafia family in New York. He is at the event of his daughter's wedding. Michael, Vito's youngest son and a decorated WW II Marine is also present at the wedding. Michael seems to be uninterested in being a part of the family business. Vito is a powerful man, and is kind to all those who give him respect but is ruthless against those who do not. But when a powerful and treacherous rival wants to sell drugs and needs the Don's influence for the same, Vito refuses to do it. What follows is a clash between Vito's fading old values and the new ways which may cause Michael to do the thing he was most reluctant in doing and wage a mob war against all the other mafia families which could tear the Corleone family apart.",
        "writers": "Mario Puzo, Francis Ford Coppola",
        "staring": "Marlon Brando, Al Pacino, James Caan"
    },
    {
        "id": "godfather2",
        "title": "The Godfather: Part 2",
        "image": "../public/movieImages/godfather2.jpg",
        "description": "The early life and career of Vito Corleone in 1920s New York City is portrayed, while his son, Michael, expands and tightens his grip on the family crime syndicate.",
        "longDescription": "The continuation of the Godfather saga with two focuses: the ongoing story of the Corleone family, and Michael in particular, and Vito Corleone's (Michael's father) backstory. Regarding the ongoing Michael Corleone story, it is about seven years since the events that concluded The Godfather. With the murders of the heads of the other four New York / New Jersey families, the Corleone family has unassailable control in New York. The move to Nevada went smoothly and Michael Corleone controls several hotels and casinos in the state. Frank Pentageli, the man who runs Michael's interests in New York, comes to Michael, asking if he can take out the Rosato Brothers as they are infringing on Pentageli's turf and business interests. However, the Rosatos are backed by Hyman Roth, a business partner of Michael's and a long- time ally of Michael's father, Vito Corleone, and Michael refuses. An attempted assassination attempt is then carried out on Michael's life, in his own home. Michael investigates who is trying to kill him, and suspects that there is a traitor in his family. Meanwhile. Michael and Hyman Roth fly to Cuba to finalise some business deals there. The Cuban trip reveals all. In a story interwoven with the present day, we see the backstory to Vito Corleone. From how his parents and brother were murdered by a Don in their home town of Corleone in Sicily, to his escaping, as a boy, to New York, his adult life and his rise to Don Corleone.",
        "director": "Francis Ford Coppola",
        "writers": "Mario Puzo, Francis Ford Coppola",
        "staring": "Al Pacino, Robert De Niro, Rovert Duvall"
    },
    {
        "id": "darkknight",
        "title": "The Dark Knight",
        "image": "../public/movieImages/darkknight.jpg",
        "description": "When the menace known as the Joker wreaks havoc and chaos on the people of Gotham, Batman must accept one of the greatest psychological and physical tests of his ability to fight injustice.",
        "longDescription": "Gotham's new District Attorney has been elected. His name is Harvey Dent, and he has a radical new agenda that threatens to take down Gotham's organized crime underworld once and for all with an iron fist. But the emergence of the rogue vigilante known as Batman has caused problems for Dent and his agenda. A new criminal mastermind known only as 'The Joker' has arrived and aims to take Gotham out from under Harvey Dent's iron fist. The Joker stages a masterfully planned bank robbery and robs the Gotham mob blind. He uses this money to stage a series of horrific and strategic attacks against the city and its people, each one carefully planned and aimed at Dent and Batman, while causing the rest of the city to enter panic mode. Meanwhile, Batman thinks he might have found a lead to The Joker thanks to Wayne Enterprises' dealings with a shady Chinese banker, and that takes Batman and Alfred to Hong Kong. The Joker has no rules, but Batman has only one, and the Joker aims to make Batman break his only rule. But who will be the one to take him out, will it be rogue vigilante Batman, or will it be elected official Harvey Dent, the new hero with a face?",
        "director": "Christopher Nolan",
        "writers": "Jonathan Nolan, Christopher Nolan",
        "staring": "Christian Bale, Heath Ledger, Aaron Echhart"
    },
    {
        "id": "12angrymen",
        "title": "12 Angry Men",
        "image": "../public/movieImages/12angrymen.jpg",
        "description": "A jury holdout attempts to prevent a miscarriage of justice by forcing his colleagues to reconsider the evidence.",
        "longDescription": "'12 Angry Men' focuses on a jury's deliberations in a capital murder case. A 12-man jury is sent to begin deliberations in the first-degree murder trial of an 18-year old Puerto Rican boy accused in the stabbing death of his father, where a guilty verdict means an automatic death sentence. The case appears to be open-and-shut: The defendant has a weak alibi; a knife he claimed to have lost is found at the murder scene; and several witnesses either heard screaming, saw the killing or the boy fleeing the scene. Eleven of the jurors immediately vote guilty; only Juror No. 8 (Mr. Davis) casts a not guilty vote. At first Mr. Davis bases his vote more so for the sake of discussion; after all, the jurors must believe beyond a reasonable doubt that the defendant is guilty. As the deliberations unfold, the story quickly becomes a study of the jurors' complex personalities (which range from wise, bright and empathetic to arrogant, prejudiced and merciless), preconceptions, backgrounds and interactions. That provides the backdrop to Mr. Davis' attempts in convincing the other jurors that a 'not guilty' verdict might be appropriate.",
        "director": "Sidney Lumet",
        "writers": "Reginald Rose",
        "staring": "Henry Fonda, Lee J. Cobb, Martin Balsam"
    },

    {
        "id": "schindlers",
        "title": "Schindler's List",
        "image": "../public/movieImages/schindlers.jpg",
        "description": "In German-occupied Poland during World War II, industrialist Oskar Schindler gradually becomes concerned for his Jewish workforce after witnessing their persecution by the Nazis.",
        "longDescription": "Businessman Oskar Schindler arrives in Krakow in 1939, ready to make his fortune from World War II, which has just started. After joining the Nazi party primarily for political expediency, he staffs his factory with Jewish workers for similarly pragmatic reasons. When the SS begins exterminating Jews in the Krakow ghetto, Schindler arranges to have his workers protected to keep his factory in operation, but soon realizes that in so doing, he is also saving innocent lives.",
        "director": "Steven Spielberg",
        "writers": "Thomas Keneally, Steven Zaillian",
        "staring": "Liam Neeson, Ralph Fiennes, Ben Kingsley"
    },
    {
        "id": "lotrrotk",
        "title": "The Lord of the Rings: The Return of the King",
        "image": "../public/movieImages/lotrrotk.jpg",
        "description": "Gandalf and Aragorn lead the World of Men against Sauron's army to draw his gaze from Frodo and Sam as they approach Mount Doom with the One Ring.",
        "longDescription": "Sauron's forces have laid siege to Minas Tirith, the capital of Gondor, in their efforts to eliminate the race of men. The once-great kingdom, watched over by a fading Steward, has never been in more desperate need of its King. But can Aragorn answer the call of his heritage and become what he was born to be? In no small measure, the fate of Middle-earth rests on his broad shoulders. With the final battle joined, and the legions of darkness gathering, Gandalf urgently tries to rally Gondor's broken army to action. He is aided by Rohan's King Theoden, who unites his warriors for history's biggest test. Yet even with their courage and passionate loyalty, the forces of men, with Eowyn and Merry hidden amongst them, are no match for the enemies swarming against Gondor. Still, in the face of great losses, they charge forward into the battle of their lifetimes, tied together by their singular goal to keep Sauron distracted and give the Ring Bearer a chance to complete his quest. Their hopes rest with Frodo, a tiny but determined Hobbit making a perilous trip across treacherous enemy lands to cast the One Ring into the fires of Mount Doom. The closer Frodo gets to his destination, the heavier his burden becomes, and the more he must rely on Samwise Gamgee. Gollum, and the Ring, will test Frodo's allegiances and, ultimately, his humanity.",
        "director": "Peter Jackson",
        "writers": "J.R.R. Tolkien, Fran Walsh",
        "staring": "Elijah Wood, Viggo Mortensen, Ian McKellen"
    },
    {
        "id": "pulpfiction",
        "title": "Pulp Fiction",
        "image": "../public/movieImages/pulpfiction.jpg",
        "description": "The lives of two mob hitmen, a boxer, a gangster and his wife, and a pair of diner bandits intertwine in four tales of violence and redemption.",
        "longDescription": "Faced with life's cruel irony, the unpredictable stories of a well-dressed pair of low-level hitmen; a gangster's statuesque moll, and a double-crossing prizefighter become inextricably intertwined, as the small-time crooks, Honey Bunny and Pumpkin, summon up the courage to hold up their favourite L.A. diner. Entrusted with retrieving a glow-emitting leather suitcase which belongs to their boss--the powerful crime kingpin, Marsellus--instead, the dark-suited gunmen, Vincent Vega and Jules Winnfield, end up with a bloody mess. Fortunately--with men like Mr Wolf always around to handle a crisis--there's time to cool off in a long twist contest, while at the same time, the proud champion boxer, Butch, makes the decision of a lifetime. Soon, things will come full circle, as, once more, Jules and Vincent find themselves in the perfect dead-end situation, exactly where it all began: an all-too-familiar cafeteria. Is truth stranger than fiction?",
        "director": "Quentin Tarantino",
        "writers": "Quentin Tarantino, Roger Avary",
        "staring": "John Travolta, Uma Thurman, Samuel L. Jackson"
    },
    {
        "id": "goodbadugly",
        "title": "The Good, the Bad and the Ugly",
        "image": "../public/movieImages/goodbadugly.jpg",
        "description": "A bounty hunting scam joins two men in an uneasy alliance against a third in a race to find a fortune in gold buried in a remote cemetery.",
        "longDescription": "During the American Civil War, three men set off to find two hundred thousand dollars in buried gold coins. Tuco (Eli Wallach) and Blondie (Clint Eastwood) have known each other for some time now having used the reward on Tuco's head as a way of earning money. They come across a dying man, Bill Carson (Antonio Casale), who tells them of a treasure in gold coins. By chance, he tells Tuco the name of the cemetery and tells Blondie the name of the grave where the gold is buried. Now rivals, the two men have good reason to keep each other alive. The third man, Angel Eyes (Lee Van Cleef), hears of the gold stash from someone he's been hired to kill. All he knows is to look for for someone named Bill Carson. The three ultimately meet in a showdown that takes place amidst a major battle between Confederate and Union forces.",
        "director": "Sergio Leone",
        "writers": "Luciano Vincenzoni",
        "staring": "Clint Eastwood, Eli Wallach, Lee Van Cleef"
    },
    {
        "id": "lotrfotr",
        "title": "The Lord of the Rings: The Fellowship of the Ring",
        "image": "../public/movieImages/lotrfotr.jpg",
        "description": "A meek Hobbit from the Shire and eight companions set out on a journey to destroy the powerful One Ring and save Middle-earth from the Dark Lord Sauron.",
        "longDescription": "An ancient Ring thought lost for centuries has been found, and through a strange twist of fate has been given to a small Hobbit named Frodo. When Gandalf discovers the Ring is in fact the One Ring of the Dark Lord Sauron, Frodo must make an epic quest to the Cracks of Doom in order to destroy it. However, he does not go alone. He is joined by Gandalf, Legolas the elf, Gimli the Dwarf, Aragorn, Boromir, and his three Hobbit friends Merry, Pippin, and Samwise. Through mountains, snow, darkness, forests, rivers and plains, facing evil and danger at every corner the Fellowship of the Ring must go. Their quest to destroy the One Ring is the only hope for the end of the Dark Lords reign.",
        "director": "Peter Jackson",
        "writers": "J.R.R. Tolkien, Fran Walsh",
        "staring": "Elijah Wood, Ian McKellen, Orlando Bloom"
    }
]